{"timestamp":{"total":1516051787,"exchanges":{"NEG":1516051538,"MBT":1516051682,"LOC":1516046930,"FOX":1516051591,"FLW":1516048898,"BZX":1516051736,"BTD":1516051662,"B2U":1516051509,"ARN":1516039848}},"ticker_24h":{"total":{"last":47178.307315078244,"high":61772.37,"low":44143.12,"vol":1147.096695442483,"vwap":47422.00871382109,"money":54397629.4868688,"trades":15427},"exchanges":{"NEG":{"last":47621,"open":47397.99,"high":48956.53,"low":46621,"vol":537.1786247399991,"vwap":47995.339081761544,"money":25782070.241870597,"trades":3941},"MBT":{"last":46798.99999,"open":45899.99999,"high":47450.25,"low":45600,"vol":155.22686071000066,"vwap":46872.55716880835,"money":7275879.902764156,"trades":5115},"LOC":{"last":47019.74,"open":45899.99,"high":61772.37,"low":44143.12,"vol":9.304457139999997,"vwap":48794.03951390412,"money":454002.04934458714,"trades":87},"FOX":{"last":46650,"open":46196.9,"high":48199,"low":45300,"vol":294.7207679200004,"vwap":46915.59989600186,"money":13827001.628777161,"trades":3954},"FLW":{"last":47900,"open":47500,"high":49500,"low":45995,"vol":17.905756769999996,"vwap":47411.69539711195,"money":848942.285834015,"trades":80},"BZX":{"last":47100,"open":46500,"high":47600,"low":45500.01,"vol":8.646583110000002,"vwap":47104.7184037543,"money":407294.8625512082,"trades":316},"BTD":{"last":47689.99,"open":46607.85,"high":48000,"low":46500,"vol":53.827815019999946,"vwap":47357.95148365632,"money":2549175.0521883843,"trades":1002},"B2U":{"last":46206.01,"open":45515.01,"high":47014.14,"low":45151,"vol":70.27553003248286,"vwap":46285.86809712011,"money":3252763.9135387046,"trades":931},"ARN":{"last":48500,"open":48500,"high":48500,"low":48500,"vol":0.0103,"vwap":48500,"money":499.55,"trades":1}}},"ticker_12h":{"total":{"last":47213.763111325396,"high":61772.37,"low":44143.12,"vol":1047.5425112648056,"vwap":47540.87842994413,"money":49801091.1782385,"trades":13219},"exchanges":{"NEG":{"last":47621,"open":47500,"high":48956.53,"low":46635,"vol":527.9726553199991,"vwap":48008.83866873001,"money":25347354.030758835,"trades":3818},"MBT":{"last":46798.99999,"open":46279.99997,"high":47450.25,"low":46000.01,"vol":131.13115406999967,"vwap":47000.920995972185,"money":6163285.012554711,"trades":3959},"LOC":{"last":47019.74,"open":48999,"high":61772.37,"low":44143.12,"vol":8.788068359999997,"vwap":48972.19751217671,"money":430371.0194764307,"trades":84},"FOX":{"last":46650,"open":46151.02,"high":48199,"low":46000,"vol":251.84637362000035,"vwap":47070.07700128521,"money":11854428.19878786,"trades":3432},"FLW":{"last":47900,"open":47000,"high":49500,"low":45995,"vol":17.819143529999998,"vwap":47416.79696131389,"money":844926.71078652,"trades":73},"BZX":{"last":47100,"open":45560,"high":47600,"low":45560,"vol":7.134614179999997,"vwap":47325.280714435474,"money":337647.6188576917,"trades":215},"BTD":{"last":47689.99,"open":47000,"high":48000,"low":46551.02,"vol":47.17709437999994,"vwap":47399.54098209262,"money":2236172.618480859,"trades":805},"B2U":{"last":46206.01,"open":45996.87,"high":47014.14,"low":45300,"vol":55.66310780480651,"vwap":46465.36135936443,"money":2586406.418535593,"trades":832},"ARN":{"last":48500,"open":48500,"high":48500,"low":48500,"vol":0.0103,"vwap":48500,"money":499.55,"trades":1}}},"ticker_1h":{"total":{"last":46833.72362476799,"high":48075,"low":46205.66,"vol":38.180953885594484,"vwap":46841.24286886713,"money":1788443.3339201473,"trades":631},"exchanges":{"NEG":{"last":47621,"open":47797.01,"high":48075,"low":47621,"vol":1.2297002099999998,"vwap":47683.33467092894,"money":58636.20665834159,"trades":21},"MBT":{"last":46798.99999,"open":47000,"high":47199.99999,"low":46505,"vol":7.871518449999998,"vwap":46741.45818954232,"money":367926.25051888585,"trades":189},"FOX":{"last":46650,"open":46899.97,"high":47200.01,"low":46499,"vol":24.204288939999984,"vwap":46675.727894664225,"money":1129752.80444727,"trades":333},"FLW":{"last":47900,"open":48000,"high":48000,"low":47900,"vol":3.00000018,"vwap":47900.000005999995,"money":143700.00864,"trades":7},"BZX":{"last":47100,"open":47500,"high":47500,"low":47002,"vol":0.43637474,"vwap":47304.62418541688,"money":20642.543079709,"trades":12},"BTD":{"last":47689.99,"open":47999.91,"high":47999.91,"low":47201,"vol":0.8222730400000001,"vwap":47535.419643938585,"money":39087.0940182971,"trades":51},"B2U":{"last":46206.01,"open":46579.99,"high":46600,"low":46205.66,"vol":0.616798325594502,"vwap":46528.055227748846,"money":28698.426557644,"trades":18}}},"rates":{"USDCBRL":3.2101,"USDTBRL":3.39}}